,Unnamed: 0,Index,User Id,First Name
0,0,1,db484997Aa2e723,Marcia
1,1,2,B117e5DCACf270A,Ashley
2,2,3,32cbC09A5bcDb1b,Tracie
3,3,4,06Eea7aF9760fD0,Jeffrey
4,4,5,CE52aEd4F9AE60C,Bill
5,5,6,85DFDDA6cFB55DA,Marcus
6,6,7,0D5FdF0e0A186a5,Ian
7,7,8,1cAE7Cd0dD678FB,Thomas
8,8,9,F5fc42B9cB66dE9,Stephen
9,9,10,83a20cfcC2AA89f,Jeffery
10,10,11,B87bAc76beD4Ac5,Jaclyn
11,11,12,ce8bf0F2A5C2DFd,Lorraine
12,12,13,3dfcE3c63b1Afe6,Eric
13,13,14,cd6088F8A7B0b7B,Jody
14,14,15,20E48f494B2aF15,Michelle
15,15,16,B461D3EdC79abEa,Logan
16,16,17,E7b9720D54Fb0a2,Rodney
17,17,18,a9F2EDcB430Ab04,Ana
18,18,19,456CcfCf7afAFb8,Shelley
19,19,20,EB3088D71B914A4,Dylan
20,20,21,5bD9a395c4aFEc6,Anthony
21,21,22,ce8bb83e36dD79B,Tracey
22,22,23,Fc53aDfC506B4aF,Glenn
23,23,24,82ebccF3750fbD1,Leah
24,24,25,dFb80E9A16EC313,Katelyn
25,25,26,68d60cAe7adBa43,Aaron
26,26,27,7b9C1Dc6Be26AFA,Troy
27,27,28,D8E2CF289aaB490,Tracey
28,28,29,dEdBBE4aA5bEfbb,Karina
29,29,30,AaEc31E965AeF61,Laura
30,30,31,F4B376E7efc0914,Franklin
31,31,32,Daef6F3EfAdC2B4,Phillip
32,32,33,f6BA4adB3F481ca,Emily
33,33,34,e9BBb4C36f9F460,Ronnie
34,34,35,1BAedbcC54F4cEF,Frederick
35,35,36,cA0e927F2D51D4A,Russell
36,36,37,E6c1B486fC21EaF,Stanley
37,37,38,022aF847e9df0E2,Marisa
38,38,39,a32025d4E962F1F,Grace
39,39,40,dbfe22320aa0335,Crystal
40,40,41,83ba0E31a1Ba2ae,Jane
41,41,42,e2C1201D2eeD7A9,Grace
42,42,43,aDfF4eD8cBEEAbE,Melvin
43,43,44,0F7d6bbbb7bdF77,Shaun
44,44,45,A513a00147d6Dec,Claire
45,45,46,4bEECe821CcEdaC,Scott
46,46,47,73b09Cf29bA88F9,Trevor
47,47,48,be71C3540152919,Mia
48,48,49,4E16EEDe9a2e87d,Kathleen
49,49,50,8C1Fcc44F93e6b5,Patty
50,50,51,90dD1bec3DcFb6a,Sherry
51,51,52,e2C41F7CDCBaA99,Mario
52,52,53,52B4e8EB9A1baB2,Kenneth
53,53,54,1B5fdddBCc9635c,Valerie
54,54,55,8bB6facE9cDdDcd,Stuart
55,55,56,c4dcB6eeeF73Ab5,Karen
56,56,57,C4a75cc03ED2b31,Roy
57,57,58,ffD4dBCA7F6FBBf,Carmen
58,58,59,8a1f6C4bb574a36,Trevor
59,59,60,5Cb9ede1cb0Bb0E,Stephen
60,60,61,8a216ebA28C42e9,Gabriella
61,61,62,fD8A8da83bE1ce8,Richard
62,62,63,d06EF98FbAf5cdB,Brandy
63,63,64,61D857945D8C141,Lucas
64,64,65,898D63dBCc1e2fa,Dillon
65,65,66,C664f8Dbd42Fd5C,Natalie
66,66,67,115F27F04d6f0bB,Bobby
67,67,68,dDBd22DCe54dAFC,Drew
68,68,69,0d2ECEaa1b4B0DE,Alexandria
69,69,70,8Dd4D35F9beefD4,Lindsay
70,70,71,BfA3BAC59E5c221,Joel
71,71,72,C8b8CAD0E5AAf2A,Sara
72,72,73,fDaaCddda9deeC5,April
73,73,74,f3f8DfFD5EAD3A8,Kristin
74,74,75,13CAB908fF3e014,Nathaniel
75,75,76,d32bc47EC6F1fB1,Patricia
76,76,77,f03DB710bbF757D,Barbara
77,77,78,Aa6B874E3a0e9Af,Carl
78,78,79,ba3c9cdF1A7ae8F,Alexandra
79,79,80,FCfFAAEAcD9ad54,Renee
80,80,81,FfebA9C805DCd2B,Brandon
81,81,82,A2B6CAD17f4f42d,Roberto
82,82,83,E0f7Ecd5fB5cB25,Clifford
83,83,84,ef6ef5b02A03acd,Allison
84,84,85,e8af6f5b6c5f1aE,Misty
85,85,86,7FfB99DE80A9aDF,Maria
86,86,87,3fdabDBBfFC627f,Kaitlyn
87,87,88,12e04d8BB19bA36,Mackenzie
88,88,89,8Cc676b48c67FFD,Brooke
89,89,90,3cBF326203FfdC9,Kayla
90,90,91,1CcdEbA8F931E11,Edwin
91,91,92,a0Ad37Ccb87C4a2,Ellen
92,92,93,Ec1e12EbD1279bB,Whitney
93,93,94,DF1BE8D35406cef,Melody
94,94,95,b8Ea6c74adFd4df,Dana
95,95,96,Caea38BFF91aB07,Bonnie
96,96,97,AaDCA1a17b6cB6a,Sergio
97,97,98,CCFDC8E95BA32F4,Alyssa
98,98,99,41be6adCCD005Fe,Gerald
99,99,100,7ACAcae33a8ddbd,Harold
100,100,101,d0edDcd8D5e941a,Emily
101,101,102,A65aAA7e02f0eEb,Cathy
102,102,103,fBfcEC3Fbd6AFd4,Valerie
103,103,104,e48dEF0aAceCf83,Priscilla
104,104,105,cED4452Ae211d08,Sheryl
105,105,106,F751EdEc3Fe51Fd,Lindsey
106,106,107,18F24365d17f58b,Fernando
107,107,108,efe9c87F76bbAd9,Joy
108,108,109,fc5659bbddec9d9,Chelsea
109,109,110,8c17B7480aDED0f,Cassie
110,110,111,E8a4dAdd2cdaeCd,Paul
111,111,112,F033de0f2BeDadE,Laurie
112,112,113,bFfC0CB0c7CDE03,Erik
113,113,114,Aaf9FFe49f30cbD,Kerri
114,114,115,A64eb0e079eA7BA,Jasmin
115,115,116,C855d9aeddCFb46,Dennis
116,116,117,22a2ea041be9207,Morgan
117,117,118,5EeE281BFb0D807,Mindy
118,118,119,B7D09D4A811e63C,Madison
119,119,120,af8FddC99fe16eF,Eric
120,120,121,2D1F84a5Ff1adfc,Latoya
121,121,122,FAb69fFd69B48aE,Mandy
122,122,123,DaB74cdfbD542F1,Brian
123,123,124,6fea28e7b98bA9f,Abigail
124,124,125,04488EE6Da4dbce,Kellie
125,125,126,FbDC92eC2cec72C,Perry
126,126,127,fB614adDc432253,Keith
127,127,128,85502fbCDD0cE4f,Sophia
128,128,129,c6cCf3f9a48Fa4f,Yvonne
129,129,130,90541f9beeB0C4f,Alexis
130,130,131,123d8083dAfEb6D,Virginia
131,131,132,1a10C1F9bC56D0F,Rose
132,132,133,1D0f3C5FFAfeaC4,Brianna
133,133,134,F3Eb32f01f095a7,Perry
134,134,135,3F2eBe6F861b25C,Alexa
135,135,136,3ae65bC3B2d00aa,Alejandro
136,136,137,df0179c4c45Fe85,Cheyenne
137,137,138,69deddAdA99faa9,Joshua
138,138,139,A2bDD9e75Fa2C8A,Kelsey
139,139,140,3985e95230D2736,Robyn
140,140,141,d9CAcedABaB600f,Xavier
141,141,142,ef0cd3E3df37fA6,Collin
142,142,143,c9f220aEE7cfD62,Kurt
143,143,144,04CbE7796aDf3D6,Manuel
144,144,145,8169E1a5E2A2Bb1,Alan
145,145,146,9A67A9e3F4BCC0b,Audrey
146,146,147,3abC65D3f9d3BC5,David
147,147,148,7028F62fBEC96e6,Louis
148,148,149,FF5705d1DBF1D85,Brittney
149,149,150,565E032A36FE0e5,Victor
150,150,151,D3D3dAFC6c5EC9f,Summer
151,151,152,FfDFA77f1b0F84f,Malik
152,152,153,b02CcADE5318edC,Joan
153,153,154,fe3F4aBc615c6aE,Sheryl
154,154,155,E16f6AEb2Ae3B9A,Geoffrey
155,155,156,Dfee6FCf26D54ac,Eric
156,156,157,A723AD46e3DDd12,Joanna
157,157,158,022770CCa38d2d3,Oscar
158,158,159,D8cF4B147a9AD25,Cassandra
159,159,160,743A0d759DDEbd1,Stacie
160,160,161,F2EEEdaBAD7df2E,Ruben
161,161,162,C8FAc05ee6E6bcC,Fernando
162,162,163,E57CFFFEABF2EAb,Kathy
163,163,164,c4eCBaFbFDf9a48,Molly
164,164,165,92D1ABA0ABDC81e,Nicholas
165,165,166,5E851AE0e19fB8a,Carrie
166,166,167,FfB869dB3ee4eEa,Patty
167,167,168,5810DB16D4fB7DC,Wanda
168,168,169,6fff7a2fdDDDF8F,Rebekah
169,169,170,d2b761DC1f7c2c3,Omar
170,170,171,79C65EB326AbfFf,Kristine
171,171,172,88abFf59ABEc77D,Cassandra
172,172,173,DCFFDd59Bc0BaA6,Caitlin
173,173,174,43BCccE3de6D886,Kirk
174,174,175,dbf9FDd5484F22D,Chloe
175,175,176,9c75A4C0B855eB3,Alisha
176,176,177,dD67786b2Ef4a3f,Levi
177,177,178,79d21dAc89EADDA,Joe
178,178,179,DFC641aBcf36D43,Brendan
179,179,180,BaC7A73bEE9db8c,Mindy
180,180,181,D9Dfd0af3CF5EB9,Gerald
181,181,182,CDBB775F3a3D1DF,Carol
182,182,183,A4Cbdf66d7ddBE5,Franklin
183,183,184,18Ee8e8fCeA1aff,Sophia
184,184,185,8a37E4EA2BeA568,Roberta
185,185,186,DD2CFB58E5CCd65,Toni
186,186,187,C44dcdfF045A85B,Darryl
187,187,188,Ef88B0FAccB8fFf,Carly
188,188,189,8D1366ca4FcA1f7,Gwendolyn
189,189,190,0c40f6B6Ceaf7fC,Kari
190,190,191,6b7cc74D63aE2BF,Kristi
191,191,192,A1592fc9acfcdBD,Ricky
192,192,193,2f1095ce3AAb039,Bridget
193,193,194,4CB3eCB00cc0cf8,Diana
194,194,195,9F2FDbd587dfCEc,Eric
195,195,196,aC473EAcF2f6Ecb,Melody
196,196,197,16cbeeFBebDd365,Brittany
197,197,198,5F6cD50fDCaC69E,Antonio
198,198,199,ddCdA4AfF6Cdb3A,Amber
199,199,200,AD8A8DE60eBB0b0,Patty
200,200,201,2f512A2fFF5Ef61,Shelly
201,201,202,95F4c73C310858d,Herbert
202,202,203,2E0Cf7bB43ee8da,Rickey
203,203,204,AD08D00cDAEF7a3,Raven
204,204,205,dDD4Fb8ef66e40E,Angelica
205,205,206,CAaD25EEEAe90EC,Leslie
206,206,207,BEDF553b0EaDdCe,Stephen
207,207,208,deB28110bfeEC14,Charlotte
208,208,209,e58F8aB66b8Bc4e,Cheyenne
209,209,210,8F0C54e93d72941,Charlene
210,210,211,9aDDFBac5b66008,Donna
211,211,212,0fa2D3C6AEE15CD,Beth
212,212,213,2abAFe9831B1DE3,Yvette
213,213,214,dfbB49eF68dc1DB,Becky
214,214,215,f2409cA8FE5CabA,Johnathan
215,215,216,aE89D4B0d6Cbb76,Bobby
216,216,217,b9f1a5D9B5E88D6,Dakota
217,217,218,27164d4c36ea2f5,Vanessa
218,218,219,f65e64AB8592Bf9,George
219,219,220,0f77bCaac6DB1b9,Mindy
220,220,221,59976635f8f2454,Cesar
221,221,222,Dc8E7ae196eEeE1,Collin
222,222,223,8073C60d7d889f5,Steven
223,223,224,df4AB6d0EedEfBC,Noah
224,224,225,572e86FAa190fAf,Lynn
225,225,226,eBEb089aAFDfFBc,Johnathan
226,226,227,C8812F7e2D7ABAb,Randy
227,227,228,Aab2075D8C65fB4,Sandra
228,228,229,7FCab38aFA144f1,Jared
229,229,230,AD3b3A0d8D4C96D,Lori
230,230,231,b762ba9a004a35A,Danielle
231,231,232,E7cAaA2dffDeFC5,Daryl
232,232,233,19d0d27fbFeEedd,Cameron
233,233,234,dbF8E0E44e01a5b,Tracy
234,234,235,EB09051efE16dBB,Erika
235,235,236,6905af34CEd7beF,Connie
236,236,237,772fF41d533275F,Mikayla
237,237,238,41Fd8aCFE3C7abe,Melvin
238,238,239,11F9ee3E69D65E2,Megan
239,239,240,7643B705AD81301,Angela
240,240,241,1cF6C5fbcE2D11B,Ebony
241,241,242,B57C5beEdd8dB9C,Kiara
242,242,243,dCe3dC2bc6b6CBf,Dean
243,243,244,B4d556ed6dD5d43,Molly
244,244,245,7cdcA843AecD917,Jennifer
245,245,246,8adB9fa34E09F41,Louis
246,246,247,9EE4db56c10D6d1,Jeffrey
247,247,248,2eeCe6B2Ce0b9aa,Jim
248,248,249,131C0fA3dec55EB,Janice
249,249,250,17B4F1390d46b44,Stacy
250,250,251,c8BC2e0edE6aBEb,Whitney
251,251,252,f42a6d23564D7B5,Theodore
252,252,253,D144125f8CCF544,Willie
253,253,254,C1c0BFcaA9B35A1,Albert
254,254,255,5f087031A68e53F,Lindsay
255,255,256,94DDFc2Bbe0D01d,Tanner
256,256,257,8B68B92b95D66ae,Dustin
257,257,258,9174F3abFFdf04a,Randy
258,258,259,069f39CF5B305Fc,Stacy
259,259,260,4f1ecAFAe16c819,Yesenia
260,260,261,065aaF7a3cB38B8,Patrick
261,261,262,9f30Ae5da0feb82,Daryl
262,262,263,9E73E4aA5f11e09,Darlene
263,263,264,C4a88aAD7c5B1f2,Leroy
264,264,265,0bd9870AAacFD4F,Gilbert
265,265,266,12cCc7eDC04F590,Christy
266,266,267,5B57BEc7e22dae5,Raven
267,267,268,C63d0f1eaaAa17D,Ebony
268,268,269,86E9D83DcFE66cC,Patty
269,269,270,F3dC2EB09ea59e2,Belinda
270,270,271,FeD3695aD926B6e,Christie
271,271,272,f1ABCcc6B7A3B5B,Charles
272,272,273,0a21BF825Dfc04e,Denise
273,273,274,D4dDEaB4eAaeaea,Grant
274,274,275,a6dd7AAeAe37e99,Maxwell
275,275,276,f7afBb25EcBED79,Pedro
276,276,277,6f76Ccc3DcB5c32,Molly
277,277,278,a23bdE62AC3DC8D,Jodi
278,278,279,7F0FcCeBC540355,Sophia
279,279,280,4A5fBDFd6aea09C,Perry
280,280,281,7DfBebacec6AFDc,Stanley
281,281,282,4Dd84A4F15fB5F7,Donna
282,282,283,dF39Ed0ffb5e6eF,Heather
283,283,284,9C69c3F55299095,Bonnie
284,284,285,1f4A0d9d0e913Cc,Mindy
285,285,286,cd9d5B89Ae592fB,Austin
286,286,287,BC5bD0bCcC6DbE7,Madison
287,287,288,Ee25073eCE18995,Isaiah
288,288,289,3EF5Bf26947e681,Charlene
289,289,290,7BEE2aB43Cb8DC5,Aaron
290,290,291,c51853AdCEE6Ce5,Jake
291,291,292,BF5AbE5ECB9aC95,Sean
292,292,293,F90F47c87856Ee9,Keith
293,293,294,5aC7CF97eF45443,Sylvia
294,294,295,aE7dC8404C37B60,Elaine
295,295,296,4b64Ba043C39dDd,Kaitlyn
296,296,297,f04CEcC6d61f2CC,Ricardo
297,297,298,9daCf2E63289E7D,Guy
298,298,299,cBc2cFd1bAAcDcb,Travis
299,299,300,a3eCD0Aad9f1bD7,Eddie
300,300,301,6dB46d25bD7fe2A,Terry
301,301,302,c6954eccd0a5C45,Russell
302,302,303,860e965d4EaC58C,Gabriel
303,303,304,eD59adbfF24d299,Yvette
304,304,305,E20f87F6cDC5aeF,Betty
305,305,306,D55696BefEcDD6B,Doris
306,306,307,18C8DEbbC6dc0e9,Antonio
307,307,308,e0f0De017FbF182,Cristian
308,308,309,a6D9bA0FaD99CFe,Tiffany
309,309,310,4fACCFafa395e9E,Carolyn
310,310,311,Caff0e7F7F7bd6b,Joann
311,311,312,81346e7EF3992d8,Drew
312,312,313,aCFAD4cbC7EfF0C,Sara
313,313,314,59A052893FaDf3D,Shawn
314,314,315,bf7AADb5FAe0E08,Sue
315,315,316,01dBEB07180bD54,Loretta
316,316,317,31FD14DA80adF68,Heidi
317,317,318,2c5A6AceFcdAeCc,Miguel
318,318,319,AAA1F06fF61A4EA,Eugene
319,319,320,FF724a5D720AEDE,Tanya
320,320,321,e0cEbC502077f2E,Edwin
321,321,322,850FBeb4911f099,Jean
322,322,323,b3bf65fbd4A350F,Katherine
323,323,324,0D8B2f1F6fc2cD1,Jocelyn
324,324,325,5B99C7F1cEDFd18,Candice
325,325,326,E8dbE606ae729d1,Heather
326,326,327,f3fFF890B2ffc8B,Sherry
327,327,328,61B6A1eD721CD48,Krista
328,328,329,9b055C3Dc5fdd5D,Walter
329,329,330,FDb11ba55a0245a,Kathy
330,330,331,87af60A854D5c98,Alicia
331,331,332,6122C5c0DCCBf0E,Melissa
332,332,333,0FFB7E0FeF63ABA,Steve
333,333,334,5bDB1BaCB06Bebe,Randall
334,334,335,587Ef841adAabb0,Bailey
335,335,336,D0E9f1E1BCfECDa,Nicole
336,336,337,0D5aA593B4eF51b,Calvin
337,337,338,13C7d6B5aF2Bfeb,Erica
338,338,339,a9FcF2b87cBAF22,Deborah
339,339,340,6c7B2AAB24EfE74,Jordan
340,340,341,f27dad9F4C91Ec8,Katie
341,341,342,d8B02FC7D2dbADe,Karina
342,342,343,F7787AEDCab9b9f,Justin
343,343,344,991dB5963cCECde,Cameron
344,344,345,16bCE3d41fB4F5F,Dale
345,345,346,DE579d378117552,Dawn
346,346,347,dB303955b3170Ed,Charlotte
347,347,348,bFEAE73B8BBFf3C,Tyrone
348,348,349,ebCE54ffFc5763d,Juan
349,349,350,4C117D440A2b07D,Dennis
350,350,351,fcB4F6FA8bbfBb3,Shelley
351,351,352,C7EB8b4AacDE339,Grace
352,352,353,ef2ACA9fBCAf340,Roberta
353,353,354,e24a06cf663ed28,Sherri
354,354,355,A96242a7C624dAC,Gabriel
355,355,356,CA6B5AfE7418D37,Alvin
356,356,357,2BC04c878b6d6be,Katelyn
357,357,358,6A1Da3fCD3E4bF1,Mike
358,358,359,E1EcDaBAEb66f0A,Francis
359,359,360,6e6146aBa21be4B,Candace
360,360,361,fbD9c6E0C7e0fBA,Francis
361,361,362,77B5b9b4FceDD0b,Tim
362,362,363,a87eAF5CCaB0974,Ebony
363,363,364,89d4BB31201f9cF,Michael
364,364,365,Ccd4f39a3A23BDd,Stacy
365,365,366,3c32392F788A0bB,Ross
366,366,367,7e02B69D2bc3Cff,Geoffrey
367,367,368,0fbe1d33C997b78,Janice
368,368,369,aA9c134AABAcA7d,Chloe
369,369,370,3B4DCFa8edc21fd,Bryan
370,370,371,51558dEF3e5E4FB,Aimee
371,371,372,C7cAcd3f4Ab92bA,Raven
372,372,373,AdEaC5C793b6B6B,Felicia
373,373,374,E76c2Fbad8bb105,Jonathon
374,374,375,5e61ABB3ff233d1,Jamie
375,375,376,2dBe2405b710d4E,Melinda
376,376,377,6cc19cf0E5E3CfF,Carol
377,377,378,54Aa15AacEFd84F,Erika
378,378,379,fbe4963C00Db813,Jennifer
379,379,380,9404E09EcaadD44,Isabel
380,380,381,58cEa8D2106CaB3,Marisa
381,381,382,a92fF10B88Bb26f,Ethan
382,382,383,847FFdC2219db5D,Juan
383,383,384,aE7bD0f8f36fCbf,Valerie
384,384,385,bd0624Ead395cB4,Yvette
385,385,386,AdeD4450a4BD597,Justin
386,386,387,B72efFeBe8373BF,Dakota
387,387,388,0FDEF34c62ED8d8,Marco
388,388,389,f9E26445B8A3CE1,Grace
389,389,390,4940516caf691F8,Javier
390,390,391,3F352BEa7a7c0D4,Veronica
391,391,392,c75a1FF34D2F5e8,Martin
392,392,393,B9D9E96dfdEAA13,Joanna
393,393,394,D8AD8FFa1dc3e22,Marilyn
394,394,395,56dBa6D259c4Ff6,Marc
395,395,396,0ba439afc2b9d4a,Brad
396,396,397,87a5482D55D52a8,Joy
397,397,398,aFBee9d30ab80ed,Javier
398,398,399,7cefB6aA05ef4Cf,Katrina
399,399,400,bD63a11Bd39303c,Ellen
400,400,401,AF39eA134c6eeAC,Ruth
401,401,402,5Dc7ab706E5599E,Wanda
402,402,403,0Dc2D37e4ee109B,Lori
403,403,404,E68ADdE532CAaCd,Jody
404,404,405,530Ace7e0EebfB0,Katelyn
405,405,406,7726FB579F5DFe3,Riley
406,406,407,C5D5F472a2C9BFc,Cristian
407,407,408,e09cC7fBe3acb03,Chris
408,408,409,0C9ACFcA76F0e2D,Sara
409,409,410,73CBA436e61956F,Devon
410,410,411,00EAf2c2C9FffC4,Angelica
411,411,412,74B09Ffe5cA3Cb4,Jay
412,412,413,Bd85F6aED398ca7,Russell
413,413,414,9AbDBd1a509c94A,Walter
414,414,415,5116Bc88728AaB7,Tristan
415,415,416,8313c2ADdCfe7DD,Candace
416,416,417,0aA7b05B9166Cc5,Julia
417,417,418,15229671b1AdCa4,Brady
418,418,419,8Ab1C7ff8c4FD1b,Mark
419,419,420,1b1cd21d707F2Fa,Christine
420,420,421,2905ceafb82aCB8,Jody
421,421,422,Ca39e0C25BE1c5e,Kristina
422,422,423,121249cc51cDDbe,Hunter
423,423,424,919deD9Cd70dAaa,Roger
424,424,425,AbaCd74E8eb5A5c,Alice
425,425,426,8E220cF13a3F809,Laura
426,426,427,724AECbC5f7E58e,Autumn
427,427,428,7Feef1bEAa8BA34,Kristina
428,428,429,6b5d60BD7dB83C1,Omar
429,429,430,E432e92FFEaE182,Carrie
430,430,431,4beb3DF7Ccb160c,Evelyn
431,431,432,78060c053FD3F54,Devin
432,432,433,Ea714B4fD3D5976,Charlotte
433,433,434,d5D67A34f86Df55,Jake
434,434,435,DAc6e9EceAb97D6,Rachael
435,435,436,C3384F2cADDedfA,Pam
436,436,437,A32f9b4a8C39C98,Vincent
437,437,438,F079CA94CA051f9,Roberta
438,438,439,3fce955eF9FE61c,Kathleen
439,439,440,E3b4D92E79eacFC,Elizabeth
440,440,441,Ddb0B8fB2d4B0a1,Norma
441,441,442,8438aeB9b3c29bb,Carrie
442,442,443,4b5DEA263B0811B,Diamond
443,443,444,11e7388EcFAeBFe,Paige
444,444,445,3a2C6d7E920241E,Jenny
445,445,446,F7cDC0e4017bBFe,Emily
446,446,447,8Fd009e562E2363,Ebony
447,447,448,ad574D93b79DF7b,Alfred
448,448,449,EBF13F48733d4Df,Ross
449,449,450,eF52d5530b60b2C,Andrea
450,450,451,A38aA4dBB3b7C7D,Logan
451,451,452,c0Ef7A1d30Ae1c0,Sophia
452,452,453,0734bb4D47B9A6e,Erika
453,453,454,cdb1d0d83D4a6EC,Kent
454,454,455,adc7597DEce6dCD,Benjamin
455,455,456,BfC8BE6Fdd1b39E,Yolanda
456,456,457,5d13b1CCBF3690c,Jim
457,457,458,d3bFa5cCEB49c6E,Briana
458,458,459,Be1ef0fCDF23242,Kaitlin
459,459,460,76E5ab3F83B24f5,Sheryl
460,460,461,aaBA9F5cdBC242b,Michael
461,461,462,F5Ff69DcbB65D7c,Shannon
462,462,463,6fbEad0DFCbc8cF,Barbara
463,463,464,eA15a9D3b5f81eD,Tanya
464,464,465,13f122fcBFB0Ad8,Julian
465,465,466,99B1A2ed330aB1E,Lynn
466,466,467,7EF9597c8bd5cD6,Chelsey
467,467,468,D98E8ffd98fbD8f,Jasmin
468,468,469,4281d05DC80419C,Ronnie
469,469,470,cD5c3cD16bdFeFD,Sonia
470,470,471,27Bc9BbB1dEebE5,Amanda
471,471,472,1dE7FAEeaa1Cb1B,Glenn
472,472,473,Bc72E0d17e8ad09,Terrence
473,473,474,d9bfE3C255acCe6,Geoffrey
474,474,475,0c4b046AaDdBF25,Derek
475,475,476,bF1f6e3EFDEBc1A,Michelle
476,476,477,C8C5acf20aF7f4e,Seth
477,477,478,eAdf1a5fA58a064,Paul
478,478,479,Cf3d5AFE9be768a,Joseph
479,479,480,E5A9da60dfAbf15,Leah
480,480,481,aA437D4FefFEDaC,Sheena
481,481,482,47bBb0aA9a3DdCb,Glenda
482,482,483,1307eBF680DA92e,Dan
483,483,484,cebb68BcfcbADA2,Makayla
484,484,485,374Abb3cc8d4Abb,Xavier
485,485,486,a9Ebd275cdFaaC4,Aimee
486,486,487,52DE58d4e0dC609,Juan
487,487,488,1c1C9ae10BcD24A,Luke
488,488,489,5a94f0ffEF28eab,Marissa
489,489,490,e864CCbaF2EfDc2,Hunter
490,490,491,76822db5093cB98,Chloe
491,491,492,8fECC5F14b700f6,Joe
492,492,493,Fd130aFb3F7B6eD,Alison
493,493,494,9EdA964882ccEE3,Chloe
494,494,495,888dF618C978f0E,Shelby
495,495,496,76F434f1f1aaE3C,Colleen
496,496,497,fAba04D16d030C0,Marissa
497,497,498,e298b823B8C3Ec5,Blake
498,498,499,D88D3099641ECa4,Robert
499,499,500,d27edeb8CcDA239,Daryl
