,Unnamed: 0,User Id,Sex,Email
0,0,db484997Aa2e723,Female,yvonnemcknight@example.net
1,1,B117e5DCACf270A,Male,jenningsdevon@example.com
2,2,32cbC09A5bcDb1b,Female,drodriguez@example.net
3,3,06Eea7aF9760fD0,Male,nburnett@example.org
4,4,CE52aEd4F9AE60C,Male,destinyday@example.net
5,5,85DFDDA6cFB55DA,Female,alyssaclark@example.net
6,6,0D5FdF0e0A186a5,Female,joyceheather@example.org
7,7,1cAE7Cd0dD678FB,Male,karina06@example.org
8,8,F5fc42B9cB66dE9,Female,wileyricky@example.org
9,9,83a20cfcC2AA89f,Male,leachjustin@example.org
10,10,B87bAc76beD4Ac5,Female,baileyreginald@example.com
11,11,ce8bf0F2A5C2DFd,Male,serranorussell@example.net
12,12,3dfcE3c63b1Afe6,Male,lee00@example.com
13,13,cd6088F8A7B0b7B,Male,jocelynriggs@example.com
14,14,20E48f494B2aF15,Female,joannamanning@example.com
15,15,B461D3EdC79abEa,Female,rojaseduardo@example.net
16,16,E7b9720D54Fb0a2,Female,christie19@example.net
17,17,a9F2EDcB430Ab04,Female,clarkcourtney@example.com
18,18,456CcfCf7afAFb8,Male,brandtfrank@example.org
19,19,EB3088D71B914A4,Male,pruittchristie@example.net
20,20,5bD9a395c4aFEc6,Male,nbrewer@example.org
21,21,ce8bb83e36dD79B,Male,fbooker@example.org
22,22,Fc53aDfC506B4aF,Male,dustin59@example.org
23,23,82ebccF3750fbD1,Male,lhendrix@example.org
24,24,dFb80E9A16EC313,Male,mackolivia@example.com
25,25,68d60cAe7adBa43,Male,wigginssavannah@example.org
26,26,7b9C1Dc6Be26AFA,Female,theresa11@example.com
27,27,D8E2CF289aaB490,Male,milesterrance@example.org
28,28,dEdBBE4aA5bEfbb,Male,mitchell29@example.net
29,29,AaEc31E965AeF61,Male,underwooddawn@example.com
30,30,F4B376E7efc0914,Female,carl89@example.net
31,31,Daef6F3EfAdC2B4,Female,marcus01@example.net
32,32,f6BA4adB3F481ca,Female,cliffordhorton@example.org
33,33,e9BBb4C36f9F460,Female,hsellers@example.com
34,34,1BAedbcC54F4cEF,Male,wrightcory@example.com
35,35,cA0e927F2D51D4A,Male,jillianadkins@example.net
36,36,E6c1B486fC21EaF,Female,prowe@example.com
37,37,022aF847e9df0E2,Female,gilbert59@example.net
38,38,a32025d4E962F1F,Male,margaretandrade@example.org
39,39,dbfe22320aa0335,Male,krystalalexander@example.com
40,40,83ba0E31a1Ba2ae,Female,kbarton@example.com
41,41,e2C1201D2eeD7A9,Male,dwallace@example.com
42,42,aDfF4eD8cBEEAbE,Female,kaylaanderson@example.org
43,43,0F7d6bbbb7bdF77,Female,wbender@example.org
44,44,A513a00147d6Dec,Male,warren42@example.com
45,45,4bEECe821CcEdaC,Female,znixon@example.org
46,46,73b09Cf29bA88F9,Female,nshepherd@example.net
47,47,be71C3540152919,Female,esparzaanthony@example.com
48,48,4E16EEDe9a2e87d,Male,dariusmorrow@example.com
49,49,8C1Fcc44F93e6b5,Female,ugeorge@example.net
50,50,90dD1bec3DcFb6a,Female,beanmaria@example.com
51,51,e2C41F7CDCBaA99,Male,darlene26@example.com
52,52,52B4e8EB9A1baB2,Male,jeanhowe@example.net
53,53,1B5fdddBCc9635c,Male,eferguson@example.org
54,54,8bB6facE9cDdDcd,Female,samanthablankenship@example.com
55,55,c4dcB6eeeF73Ab5,Male,daltonvalerie@example.net
56,56,C4a75cc03ED2b31,Male,kanedarlene@example.net
57,57,ffD4dBCA7F6FBBf,Male,leon25@example.org
58,58,8a1f6C4bb574a36,Male,logan05@example.net
59,59,5Cb9ede1cb0Bb0E,Female,parkermerritt@example.org
60,60,8a216ebA28C42e9,Female,bfrench@example.com
61,61,fD8A8da83bE1ce8,Male,tdavid@example.net
62,62,d06EF98FbAf5cdB,Female,bradleyisabella@example.com
63,63,61D857945D8C141,Female,barnettalice@example.net
64,64,898D63dBCc1e2fa,Female,brookswayne@example.net
65,65,C664f8Dbd42Fd5C,Male,eduardo95@example.org
66,66,115F27F04d6f0bB,Female,sylvia39@example.org
67,67,dDBd22DCe54dAFC,Female,daykari@example.net
68,68,0d2ECEaa1b4B0DE,Female,brittney77@example.org
69,69,8Dd4D35F9beefD4,Female,mcculloughstefanie@example.com
70,70,BfA3BAC59E5c221,Female,travis92@example.net
71,71,C8b8CAD0E5AAf2A,Female,qalvarez@example.org
72,72,fDaaCddda9deeC5,Male,stacey92@example.com
73,73,f3f8DfFD5EAD3A8,Male,mckinneymarc@example.com
74,74,13CAB908fF3e014,Male,terrancedaniels@example.org
75,75,d32bc47EC6F1fB1,Female,pmanning@example.net
76,76,f03DB710bbF757D,Male,grocha@example.org
77,77,Aa6B874E3a0e9Af,Male,pbowers@example.org
78,78,ba3c9cdF1A7ae8F,Female,chickman@example.net
79,79,FCfFAAEAcD9ad54,Male,hcarney@example.com
80,80,FfebA9C805DCd2B,Male,wsavage@example.org
81,81,A2B6CAD17f4f42d,Female,karaskinner@example.org
82,82,E0f7Ecd5fB5cB25,Male,daleadkins@example.net
83,83,ef6ef5b02A03acd,Female,destinyriley@example.com
84,84,e8af6f5b6c5f1aE,Female,lindacarroll@example.com
85,85,7FfB99DE80A9aDF,Female,ggolden@example.net
86,86,3fdabDBBfFC627f,Male,brady46@example.org
87,87,12e04d8BB19bA36,Male,abigail24@example.com
88,88,8Cc676b48c67FFD,Female,joanna01@example.net
89,89,3cBF326203FfdC9,Female,gambleyvette@example.com
90,90,1CcdEbA8F931E11,Female,kurt84@example.org
91,91,a0Ad37Ccb87C4a2,Male,vvelasquez@example.net
92,92,Ec1e12EbD1279bB,Male,kiddnorma@example.org
93,93,DF1BE8D35406cef,Female,popebill@example.org
94,94,b8Ea6c74adFd4df,Male,lbrock@example.com
95,95,Caea38BFF91aB07,Female,derrick05@example.net
96,96,AaDCA1a17b6cB6a,Female,castanedaclaire@example.net
97,97,CCFDC8E95BA32F4,Female,lunatom@example.org
98,98,41be6adCCD005Fe,Male,nichole33@example.net
99,99,7ACAcae33a8ddbd,Female,gregmaxwell@example.com
100,100,d0edDcd8D5e941a,Female,larry79@example.org
101,101,A65aAA7e02f0eEb,Female,lewissheena@example.com
102,102,fBfcEC3Fbd6AFd4,Male,gcollier@example.com
103,103,e48dEF0aAceCf83,Female,diamondramos@example.com
104,104,cED4452Ae211d08,Male,foleyautumn@example.net
105,105,F751EdEc3Fe51Fd,Female,jeffreypollard@example.com
106,106,18F24365d17f58b,Male,haileythomas@example.org
107,107,efe9c87F76bbAd9,Female,yolandacrosby@example.com
108,108,fc5659bbddec9d9,Female,masonwilliamson@example.org
109,109,8c17B7480aDED0f,Female,marisagreer@example.org
110,110,E8a4dAdd2cdaeCd,Female,russokaren@example.org
111,111,F033de0f2BeDadE,Female,hbowman@example.net
112,112,bFfC0CB0c7CDE03,Male,jaclynrivera@example.net
113,113,Aaf9FFe49f30cbD,Male,angie51@example.com
114,114,A64eb0e079eA7BA,Female,palmernorman@example.net
115,115,C855d9aeddCFb46,Male,laurenhunter@example.net
116,116,22a2ea041be9207,Male,mariah03@example.org
117,117,5EeE281BFb0D807,Female,bburch@example.org
118,118,B7D09D4A811e63C,Female,javiermercer@example.org
119,119,af8FddC99fe16eF,Female,mwells@example.org
120,120,2D1F84a5Ff1adfc,Male,larry48@example.com
121,121,FAb69fFd69B48aE,Male,bairdjohnny@example.net
122,122,DaB74cdfbD542F1,Female,grant65@example.com
123,123,6fea28e7b98bA9f,Male,pgarcia@example.net
124,124,04488EE6Da4dbce,Male,elainehurst@example.net
125,125,FbDC92eC2cec72C,Female,diamondmays@example.net
126,126,fB614adDc432253,Male,afigueroa@example.net
127,127,85502fbCDD0cE4f,Male,stevensonadrienne@example.org
128,128,c6cCf3f9a48Fa4f,Female,stephensongordon@example.net
129,129,90541f9beeB0C4f,Male,robertobaker@example.net
130,130,123d8083dAfEb6D,Female,anthonyingram@example.com
131,131,1a10C1F9bC56D0F,Female,leonardbonnie@example.com
132,132,1D0f3C5FFAfeaC4,Male,greg09@example.net
133,133,F3Eb32f01f095a7,Female,johnsonalec@example.org
134,134,3F2eBe6F861b25C,Female,edwardsbailey@example.com
135,135,3ae65bC3B2d00aa,Male,dylanwerner@example.com
136,136,df0179c4c45Fe85,Male,cristiancosta@example.net
137,137,69deddAdA99faa9,Male,alejandrocooley@example.org
138,138,A2bDD9e75Fa2C8A,Male,youngterrence@example.net
139,139,3985e95230D2736,Female,kelseytran@example.org
140,140,d9CAcedABaB600f,Male,arthur66@example.com
141,141,ef0cd3E3df37fA6,Male,avilaphillip@example.org
142,142,c9f220aEE7cfD62,Female,christie16@example.com
143,143,04CbE7796aDf3D6,Male,parker02@example.net
144,144,8169E1a5E2A2Bb1,Male,portersheena@example.net
145,145,9A67A9e3F4BCC0b,Male,andre86@example.com
146,146,3abC65D3f9d3BC5,Female,elizabethmoss@example.com
147,147,7028F62fBEC96e6,Female,chris10@example.com
148,148,FF5705d1DBF1D85,Female,mjennings@example.org
149,149,565E032A36FE0e5,Male,efuller@example.org
150,150,D3D3dAFC6c5EC9f,Female,wardchase@example.net
151,151,FfDFA77f1b0F84f,Male,benjaminjim@example.net
152,152,b02CcADE5318edC,Male,leonjared@example.com
153,153,fe3F4aBc615c6aE,Male,joshua82@example.com
154,154,E16f6AEb2Ae3B9A,Male,marvin47@example.com
155,155,Dfee6FCf26D54ac,Female,bvance@example.com
156,156,A723AD46e3DDd12,Male,igriffith@example.net
157,157,022770CCa38d2d3,Male,toddalex@example.com
158,158,D8cF4B147a9AD25,Female,ycarlson@example.org
159,159,743A0d759DDEbd1,Male,dcox@example.com
160,160,F2EEEdaBAD7df2E,Male,blanchardmario@example.com
161,161,C8FAc05ee6E6bcC,Female,weberjeremy@example.org
162,162,E57CFFFEABF2EAb,Female,mclay@example.com
163,163,c4eCBaFbFDf9a48,Male,jillvelez@example.org
164,164,92D1ABA0ABDC81e,Male,wesleywaller@example.net
165,165,5E851AE0e19fB8a,Female,evanskirk@example.org
166,166,FfB869dB3ee4eEa,Male,pattyshaw@example.com
167,167,5810DB16D4fB7DC,Female,jaclynwise@example.net
168,168,6fff7a2fdDDDF8F,Female,schaefertaylor@example.net
169,169,d2b761DC1f7c2c3,Male,richardbean@example.org
170,170,79C65EB326AbfFf,Male,cheyenne84@example.com
171,171,88abFf59ABEc77D,Male,shepherdmolly@example.com
172,172,DCFFDd59Bc0BaA6,Female,shawna91@example.org
173,173,43BCccE3de6D886,Male,qhanna@example.net
174,174,dbf9FDd5484F22D,Female,ryan75@example.org
175,175,9c75A4C0B855eB3,Male,tpearson@example.net
176,176,dD67786b2Ef4a3f,Female,oharrell@example.com
177,177,79d21dAc89EADDA,Female,shelleysanchez@example.org
178,178,DFC641aBcf36D43,Female,vbeck@example.org
179,179,BaC7A73bEE9db8c,Male,beckyweaver@example.net
180,180,D9Dfd0af3CF5EB9,Female,boydjulian@example.org
181,181,CDBB775F3a3D1DF,Female,gallegosrobyn@example.net
182,182,A4Cbdf66d7ddBE5,Female,carlos14@example.net
183,183,18Ee8e8fCeA1aff,Male,tyler22@example.com
184,184,8a37E4EA2BeA568,Male,summer54@example.net
185,185,DD2CFB58E5CCd65,Male,nmccann@example.org
186,186,C44dcdfF045A85B,Male,benderdean@example.net
187,187,Ef88B0FAccB8fFf,Male,lfreeman@example.net
188,188,8D1366ca4FcA1f7,Male,meltonsean@example.org
189,189,0c40f6B6Ceaf7fC,Male,rogerserica@example.com
190,190,6b7cc74D63aE2BF,Female,foleymike@example.org
191,191,A1592fc9acfcdBD,Female,morenoalisha@example.org
192,192,2f1095ce3AAb039,Male,greggkelly@example.net
193,193,4CB3eCB00cc0cf8,Female,karen75@example.com
194,194,9F2FDbd587dfCEc,Female,joycekimberly@example.net
195,195,aC473EAcF2f6Ecb,Female,lisa15@example.com
196,196,16cbeeFBebDd365,Male,gvalenzuela@example.com
197,197,5F6cD50fDCaC69E,Male,dustinfrost@example.net
198,198,ddCdA4AfF6Cdb3A,Female,tom08@example.net
199,199,AD8A8DE60eBB0b0,Male,rbarry@example.com
200,200,2f512A2fFF5Ef61,Female,ian77@example.net
201,201,95F4c73C310858d,Female,fgriffith@example.com
202,202,2E0Cf7bB43ee8da,Male,kiararyan@example.net
203,203,AD08D00cDAEF7a3,Male,gail32@example.net
204,204,dDD4Fb8ef66e40E,Female,corypark@example.net
205,205,CAaD25EEEAe90EC,Female,mario32@example.org
206,206,BEDF553b0EaDdCe,Male,laurashields@example.com
207,207,deB28110bfeEC14,Female,bullockglen@example.org
208,208,e58F8aB66b8Bc4e,Female,joychristian@example.org
209,209,8F0C54e93d72941,Male,xnewman@example.net
210,210,9aDDFBac5b66008,Female,qgamble@example.net
211,211,0fa2D3C6AEE15CD,Female,bethanygentry@example.net
212,212,2abAFe9831B1DE3,Female,deleonmonique@example.org
213,213,dfbB49eF68dc1DB,Female,guypham@example.org
214,214,f2409cA8FE5CabA,Female,camachoterri@example.com
215,215,aE89D4B0d6Cbb76,Male,thomascory@example.org
216,216,b9f1a5D9B5E88D6,Female,agould@example.net
217,217,27164d4c36ea2f5,Female,willie67@example.org
218,218,f65e64AB8592Bf9,Female,corey40@example.org
219,219,0f77bCaac6DB1b9,Male,micheal39@example.com
220,220,59976635f8f2454,Female,baxterterrance@example.net
221,221,Dc8E7ae196eEeE1,Male,hatkins@example.com
222,222,8073C60d7d889f5,Male,solomonjake@example.net
223,223,df4AB6d0EedEfBC,Male,nmeadows@example.net
224,224,572e86FAa190fAf,Female,allison23@example.org
225,225,eBEb089aAFDfFBc,Female,kimallison@example.org
226,226,C8812F7e2D7ABAb,Male,bradfordcaroline@example.net
227,227,Aab2075D8C65fB4,Male,weeksvanessa@example.com
228,228,7FCab38aFA144f1,Male,curtisbrad@example.net
229,229,AD3b3A0d8D4C96D,Female,bullockveronica@example.com
230,230,b762ba9a004a35A,Female,beardbrandon@example.com
231,231,E7cAaA2dffDeFC5,Male,lstrickland@example.net
232,232,19d0d27fbFeEedd,Male,johnswanda@example.org
233,233,dbF8E0E44e01a5b,Male,salinasalexandria@example.org
234,234,EB09051efE16dBB,Female,englishmindy@example.net
235,235,6905af34CEd7beF,Female,jermaineryan@example.com
236,236,772fF41d533275F,Female,isabelpreston@example.com
237,237,41Fd8aCFE3C7abe,Male,hodgecolleen@example.org
238,238,11F9ee3E69D65E2,Female,soniaclark@example.org
239,239,7643B705AD81301,Female,garciajerome@example.net
240,240,1cF6C5fbcE2D11B,Female,phebert@example.org
241,241,B57C5beEdd8dB9C,Female,micheal51@example.net
242,242,dCe3dC2bc6b6CBf,Female,kerriburgess@example.org
243,243,B4d556ed6dD5d43,Male,denise39@example.net
244,244,7cdcA843AecD917,Male,blankenshipkrystal@example.net
245,245,8adB9fa34E09F41,Female,jacobdudley@example.net
246,246,9EE4db56c10D6d1,Female,morenobrandon@example.net
247,247,2eeCe6B2Ce0b9aa,Female,tylergarrett@example.net
248,248,131C0fA3dec55EB,Male,mezadestiny@example.net
249,249,17B4F1390d46b44,Female,cesarlucero@example.com
250,250,c8BC2e0edE6aBEb,Male,belinda29@example.net
251,251,f42a6d23564D7B5,Female,wongdalton@example.net
252,252,D144125f8CCF544,Female,pachecoerika@example.net
253,253,C1c0BFcaA9B35A1,Male,berryangela@example.org
254,254,5f087031A68e53F,Female,martinmeagan@example.org
255,255,94DDFc2Bbe0D01d,Male,elijah00@example.net
256,256,8B68B92b95D66ae,Female,matthewsperry@example.com
257,257,9174F3abFFdf04a,Female,dlogan@example.net
258,258,069f39CF5B305Fc,Male,nathanielmays@example.org
259,259,4f1ecAFAe16c819,Female,gordon99@example.net
260,260,065aaF7a3cB38B8,Female,velasquezchristie@example.org
261,261,9f30Ae5da0feb82,Female,lisa63@example.org
262,262,9E73E4aA5f11e09,Male,pschmidt@example.com
263,263,C4a88aAD7c5B1f2,Male,leahhayden@example.net
264,264,0bd9870AAacFD4F,Female,xfry@example.net
265,265,12cCc7eDC04F590,Male,chloe80@example.net
266,266,5B57BEc7e22dae5,Female,greercharlene@example.com
267,267,C63d0f1eaaAa17D,Female,dunderwood@example.org
268,268,86E9D83DcFE66cC,Female,xleach@example.com
269,269,F3dC2EB09ea59e2,Female,alanbryan@example.net
270,270,FeD3695aD926B6e,Female,hturner@example.net
271,271,f1ABCcc6B7A3B5B,Male,vickivega@example.org
272,272,0a21BF825Dfc04e,Female,kerry53@example.com
273,273,D4dDEaB4eAaeaea,Male,glenda33@example.com
274,274,a6dd7AAeAe37e99,Male,marcus47@example.com
275,275,f7afBb25EcBED79,Male,vincentsamuel@example.org
276,276,6f76Ccc3DcB5c32,Female,jon00@example.org
277,277,a23bdE62AC3DC8D,Male,jamiebarrett@example.net
278,278,7F0FcCeBC540355,Female,yanderson@example.com
279,279,4A5fBDFd6aea09C,Male,anita81@example.com
280,280,7DfBebacec6AFDc,Female,marvinrivas@example.com
281,281,4Dd84A4F15fB5F7,Female,jeremykelly@example.com
282,282,dF39Ed0ffb5e6eF,Female,clarknichole@example.com
283,283,9C69c3F55299095,Female,casechase@example.org
284,284,1f4A0d9d0e913Cc,Female,randy51@example.org
285,285,cd9d5B89Ae592fB,Female,tduncan@example.net
286,286,BC5bD0bCcC6DbE7,Male,ldougherty@example.org
287,287,Ee25073eCE18995,Male,xcooke@example.org
288,288,3EF5Bf26947e681,Female,pgilmore@example.net
289,289,7BEE2aB43Cb8DC5,Male,tberry@example.org
290,290,c51853AdCEE6Ce5,Female,christiegrimes@example.org
291,291,BF5AbE5ECB9aC95,Male,gilbert51@example.net
292,292,F90F47c87856Ee9,Female,maxwellvasquez@example.com
293,293,5aC7CF97eF45443,Female,torrescaleb@example.org
294,294,aE7dC8404C37B60,Female,cindystevenson@example.org
295,295,4b64Ba043C39dDd,Female,sharoneaton@example.net
296,296,f04CEcC6d61f2CC,Male,iklein@example.org
297,297,9daCf2E63289E7D,Female,leachmanuel@example.com
298,298,cBc2cFd1bAAcDcb,Female,muellerrebekah@example.org
299,299,a3eCD0Aad9f1bD7,Male,miranda18@example.com
300,300,6dB46d25bD7fe2A,Female,maria21@example.org
301,301,c6954eccd0a5C45,Female,allisonlawson@example.net
302,302,860e965d4EaC58C,Female,louismay@example.org
303,303,eD59adbfF24d299,Female,jodi20@example.org
304,304,E20f87F6cDC5aeF,Female,kathleenwatkins@example.com
305,305,D55696BefEcDD6B,Male,catherine13@example.com
306,306,18C8DEbbC6dc0e9,Male,mdaniel@example.org
307,307,e0f0De017FbF182,Male,eileen83@example.com
308,308,a6D9bA0FaD99CFe,Female,obautista@example.org
309,309,4fACCFafa395e9E,Female,jesus79@example.net
310,310,Caff0e7F7F7bd6b,Female,mcconnellana@example.org
311,311,81346e7EF3992d8,Male,harryschultz@example.net
312,312,aCFAD4cbC7EfF0C,Male,ricardojoseph@example.org
313,313,59A052893FaDf3D,Male,hgibbs@example.net
314,314,bf7AADb5FAe0E08,Male,ewheeler@example.com
315,315,01dBEB07180bD54,Male,candice95@example.org
316,316,31FD14DA80adF68,Male,rowedarren@example.com
317,317,2c5A6AceFcdAeCc,Female,whiteleon@example.net
318,318,AAA1F06fF61A4EA,Female,franciscomooney@example.net
319,319,FF724a5D720AEDE,Female,pherrera@example.net
320,320,e0cEbC502077f2E,Male,stefaniesalas@example.org
321,321,850FBeb4911f099,Male,kerry97@example.net
322,322,b3bf65fbd4A350F,Male,marc62@example.org
323,323,0D8B2f1F6fc2cD1,Male,christianfletcher@example.org
324,324,5B99C7F1cEDFd18,Male,dominiquemueller@example.net
325,325,E8dbE606ae729d1,Female,michelleberger@example.net
326,326,f3fFF890B2ffc8B,Female,fcraig@example.org
327,327,61B6A1eD721CD48,Male,valeriekeith@example.net
328,328,9b055C3Dc5fdd5D,Male,ashleecowan@example.com
329,329,FDb11ba55a0245a,Female,williamsclifford@example.net
330,330,87af60A854D5c98,Female,lynn28@example.com
331,331,6122C5c0DCCBf0E,Male,xfleming@example.org
332,332,0FFB7E0FeF63ABA,Male,colleen14@example.org
333,333,5bDB1BaCB06Bebe,Male,staffordshirley@example.com
334,334,587Ef841adAabb0,Male,smorse@example.net
335,335,D0E9f1E1BCfECDa,Female,pmanning@example.net
336,336,0D5aA593B4eF51b,Male,kcabrera@example.org
337,337,13C7d6B5aF2Bfeb,Female,wilkersonstuart@example.org
338,338,a9FcF2b87cBAF22,Male,baxterfred@example.net
339,339,6c7B2AAB24EfE74,Male,skinnerdarlene@example.net
340,340,f27dad9F4C91Ec8,Male,ostark@example.net
341,341,d8B02FC7D2dbADe,Female,alejandro97@example.com
342,342,F7787AEDCab9b9f,Female,christine20@example.net
343,343,991dB5963cCECde,Male,evan50@example.org
344,344,16bCE3d41fB4F5F,Male,clairehardy@example.net
345,345,DE579d378117552,Female,haroldacevedo@example.com
346,346,dB303955b3170Ed,Female,kaitlin98@example.net
347,347,bFEAE73B8BBFf3C,Male,evelynsnyder@example.org
348,348,ebCE54ffFc5763d,Female,xsullivan@example.org
349,349,4C117D440A2b07D,Female,clarence03@example.org
350,350,fcB4F6FA8bbfBb3,Male,joelgonzales@example.com
351,351,C7EB8b4AacDE339,Male,zcarter@example.com
352,352,ef2ACA9fBCAf340,Male,karinaevans@example.org
353,353,e24a06cf663ed28,Female,steven04@example.org
354,354,A96242a7C624dAC,Male,cindy85@example.net
355,355,CA6B5AfE7418D37,Female,sherrycabrera@example.com
356,356,2BC04c878b6d6be,Female,xvasquez@example.net
357,357,6A1Da3fCD3E4bF1,Male,chapmannina@example.org
358,358,E1EcDaBAEb66f0A,Female,ricardo12@example.net
359,359,6e6146aBa21be4B,Female,jeffersonfernando@example.net
360,360,fbD9c6E0C7e0fBA,Female,antonio85@example.com
361,361,77B5b9b4FceDD0b,Female,lgates@example.net
362,362,a87eAF5CCaB0974,Female,uarmstrong@example.net
363,363,89d4BB31201f9cF,Female,frostsherry@example.com
364,364,Ccd4f39a3A23BDd,Male,gvance@example.net
365,365,3c32392F788A0bB,Male,ferrellderek@example.net
366,366,7e02B69D2bc3Cff,Male,michaelalice@example.com
367,367,0fbe1d33C997b78,Male,hmcguire@example.org
368,368,aA9c134AABAcA7d,Male,marylam@example.com
369,369,3B4DCFa8edc21fd,Male,staceyvazquez@example.com
370,370,51558dEF3e5E4FB,Female,maureen45@example.org
371,371,C7cAcd3f4Ab92bA,Male,dawnwiggins@example.net
372,372,AdEaC5C793b6B6B,Male,dodsonshari@example.org
373,373,E76c2Fbad8bb105,Female,longpaige@example.net
374,374,5e61ABB3ff233d1,Male,qvance@example.com
375,375,2dBe2405b710d4E,Female,mandy94@example.com
376,376,6cc19cf0E5E3CfF,Male,ralphroberts@example.net
377,377,54Aa15AacEFd84F,Female,boydamanda@example.net
378,378,fbe4963C00Db813,Female,tmedina@example.org
379,379,9404E09EcaadD44,Male,mezacasey@example.org
380,380,58cEa8D2106CaB3,Female,mccartyralph@example.com
381,381,a92fF10B88Bb26f,Female,fdelacruz@example.org
382,382,847FFdC2219db5D,Male,sarellano@example.com
383,383,aE7bD0f8f36fCbf,Male,ashleysantos@example.com
384,384,bd0624Ead395cB4,Female,ishah@example.com
385,385,AdeD4450a4BD597,Female,rodgersmichael@example.com
386,386,B72efFeBe8373BF,Female,hshields@example.org
387,387,0FDEF34c62ED8d8,Male,uenglish@example.org
388,388,f9E26445B8A3CE1,Male,lryan@example.com
389,389,4940516caf691F8,Male,meadowskeith@example.net
390,390,3F352BEa7a7c0D4,Male,antoniogordon@example.com
391,391,c75a1FF34D2F5e8,Male,clucero@example.com
392,392,B9D9E96dfdEAA13,Male,cmitchell@example.org
393,393,D8AD8FFa1dc3e22,Male,solomonevelyn@example.net
394,394,56dBa6D259c4Ff6,Male,geraldnichols@example.net
395,395,0ba439afc2b9d4a,Male,jaredflores@example.net
396,396,87a5482D55D52a8,Female,kingbilly@example.net
397,397,aFBee9d30ab80ed,Female,uwyatt@example.org
398,398,7cefB6aA05ef4Cf,Female,mcguirezoe@example.net
399,399,bD63a11Bd39303c,Male,miguelwhitaker@example.com
400,400,AF39eA134c6eeAC,Female,asantos@example.org
401,401,5Dc7ab706E5599E,Male,ocarroll@example.org
402,402,0Dc2D37e4ee109B,Male,darrencook@example.net
403,403,E68ADdE532CAaCd,Male,sheri73@example.com
404,404,530Ace7e0EebfB0,Female,dmontgomery@example.com
405,405,7726FB579F5DFe3,Female,robertstanley@example.net
406,406,C5D5F472a2C9BFc,Male,eyu@example.org
407,407,e09cC7fBe3acb03,Male,ofriedman@example.net
408,408,0C9ACFcA76F0e2D,Female,audrey11@example.net
409,409,73CBA436e61956F,Male,tuckeredwin@example.org
410,410,00EAf2c2C9FffC4,Female,kerrishea@example.com
411,411,74B09Ffe5cA3Cb4,Male,morganvelez@example.org
412,412,Bd85F6aED398ca7,Female,xwhitney@example.com
413,413,9AbDBd1a509c94A,Female,dannygross@example.net
414,414,5116Bc88728AaB7,Female,caguilar@example.org
415,415,8313c2ADdCfe7DD,Male,starkbrad@example.com
416,416,0aA7b05B9166Cc5,Female,biancaprince@example.com
417,417,15229671b1AdCa4,Female,maguirre@example.net
418,418,8Ab1C7ff8c4FD1b,Male,dalehall@example.com
419,419,1b1cd21d707F2Fa,Male,jacob75@example.com
420,420,2905ceafb82aCB8,Male,kurtparsons@example.com
421,421,Ca39e0C25BE1c5e,Female,dorothy80@example.net
422,422,121249cc51cDDbe,Male,taylorbrooks@example.net
423,423,919deD9Cd70dAaa,Female,carrie14@example.com
424,424,AbaCd74E8eb5A5c,Female,bgriffith@example.net
425,425,8E220cF13a3F809,Male,kristineserrano@example.net
426,426,724AECbC5f7E58e,Female,bobbernard@example.net
427,427,7Feef1bEAa8BA34,Male,jaime70@example.org
428,428,6b5d60BD7dB83C1,Male,alvaradogail@example.com
429,429,E432e92FFEaE182,Female,ypetersen@example.com
430,430,4beb3DF7Ccb160c,Female,elijah15@example.com
431,431,78060c053FD3F54,Female,hayslindsay@example.net
432,432,Ea714B4fD3D5976,Male,janicesanford@example.org
433,433,d5D67A34f86Df55,Male,mcmillandanielle@example.com
434,434,DAc6e9EceAb97D6,Female,huberalisha@example.com
435,435,C3384F2cADDedfA,Male,emily63@example.com
436,436,A32f9b4a8C39C98,Male,gfinley@example.net
437,437,F079CA94CA051f9,Female,hurleyheather@example.net
438,438,3fce955eF9FE61c,Male,taterandy@example.org
439,439,E3b4D92E79eacFC,Male,kaylee31@example.com
440,440,Ddb0B8fB2d4B0a1,Female,jeannenichols@example.net
441,441,8438aeB9b3c29bb,Male,shortjo@example.com
442,442,4b5DEA263B0811B,Female,qburnett@example.com
443,443,11e7388EcFAeBFe,Female,watkinskimberly@example.com
444,444,3a2C6d7E920241E,Female,duanehines@example.net
445,445,F7cDC0e4017bBFe,Female,luke73@example.org
446,446,8Fd009e562E2363,Female,mollyfry@example.com
447,447,ad574D93b79DF7b,Male,kellertracie@example.com
448,448,EBF13F48733d4Df,Female,alisha25@example.com
449,449,eF52d5530b60b2C,Male,evelynjacobs@example.org
450,450,A38aA4dBB3b7C7D,Male,qherman@example.org
451,451,c0Ef7A1d30Ae1c0,Male,sbrandt@example.net
452,452,0734bb4D47B9A6e,Female,lguerra@example.com
453,453,cdb1d0d83D4a6EC,Male,brandtroberta@example.org
454,454,adc7597DEce6dCD,Male,ile@example.net
455,455,BfC8BE6Fdd1b39E,Female,munderwood@example.net
456,456,5d13b1CCBF3690c,Female,samuelmalone@example.net
457,457,d3bFa5cCEB49c6E,Female,roblesmike@example.org
458,458,Be1ef0fCDF23242,Female,susanglass@example.com
459,459,76E5ab3F83B24f5,Female,jim12@example.org
460,460,aaBA9F5cdBC242b,Male,vickievazquez@example.com
461,461,F5Ff69DcbB65D7c,Female,lawrence23@example.net
462,462,6fbEad0DFCbc8cF,Female,eduardomckinney@example.org
463,463,eA15a9D3b5f81eD,Female,ray91@example.org
464,464,13f122fcBFB0Ad8,Male,christian66@example.net
465,465,99B1A2ed330aB1E,Male,meghanrose@example.org
466,466,7EF9597c8bd5cD6,Male,kristameza@example.org
467,467,D98E8ffd98fbD8f,Female,reidconnie@example.net
468,468,4281d05DC80419C,Female,gracevillarreal@example.org
469,469,cD5c3cD16bdFeFD,Female,mathewrios@example.org
470,470,27Bc9BbB1dEebE5,Female,jeffreymccormick@example.org
471,471,1dE7FAEeaa1Cb1B,Female,cummingsfaith@example.org
472,472,Bc72E0d17e8ad09,Male,ronaldrich@example.com
473,473,d9bfE3C255acCe6,Male,washingtonruben@example.com
474,474,0c4b046AaDdBF25,Male,dwarren@example.net
475,475,bF1f6e3EFDEBc1A,Male,hmorrow@example.net
476,476,C8C5acf20aF7f4e,Female,richardsondarin@example.org
477,477,eAdf1a5fA58a064,Male,brandon49@example.com
478,478,Cf3d5AFE9be768a,Male,lee42@example.org
479,479,E5A9da60dfAbf15,Male,kristopher16@example.net
480,480,aA437D4FefFEDaC,Male,mdavila@example.net
481,481,47bBb0aA9a3DdCb,Male,bergcharlotte@example.org
482,482,1307eBF680DA92e,Female,zvelasquez@example.org
483,483,cebb68BcfcbADA2,Female,gavinshepherd@example.net
484,484,374Abb3cc8d4Abb,Male,saustin@example.org
485,485,a9Ebd275cdFaaC4,Female,damonestes@example.net
486,486,52DE58d4e0dC609,Female,anne36@example.org
487,487,1c1C9ae10BcD24A,Female,travisreilly@example.org
488,488,5a94f0ffEF28eab,Female,jocelyn93@example.org
489,489,e864CCbaF2EfDc2,Male,ghensley@example.org
490,490,76822db5093cB98,Male,david69@example.net
491,491,8fECC5F14b700f6,Female,sherylstone@example.com
492,492,Fd130aFb3F7B6eD,Male,allencalderon@example.org
493,493,9EdA964882ccEE3,Male,jack30@example.org
494,494,888dF618C978f0E,Female,snyderleah@example.org
495,495,76F434f1f1aaE3C,Female,xmoss@example.net
496,496,fAba04D16d030C0,Male,tdavies@example.com
497,497,e298b823B8C3Ec5,Male,shieldsricardo@example.com
498,498,D88D3099641ECa4,Female,flowersrandy@example.org
499,499,d27edeb8CcDA239,Male,johnsondarryl@example.net
